Order_ID,Order_Date,Customer_ID,Product,Category,Quantity,Unit_Price,Revenue,Cost,Profit,Region,Payment_Method,Customer_Segment
O10001,2024-03-12,C1302,Smartphone,Electronics,2,22625.05,45250.11,34380.21,10869.9,North,Credit Card,Premium
O10002,2024-04-11,C1112,Office Chair,Furniture,5,7572.26,37861.29,25510.09,12351.2,East,Credit Card,
O10003,2024-04-20,C1052,Headphones,Electronics,2,3118.88,6237.77,3484.98,2752.79,North,Debit Card,Budget
O10004,2024-10-01,C1040,Running Shoes,Footwear,4,3572.61,14290.43,8491.41,5799.02,East,credit card,
O10005,2025-01-30,C1119,Office Chair,Furniture,2,8327.31,16654.63,9091.65,7562.98,West,Debit Card,Premium
O10006,2024-06-30,C1359,Watch,Accessories,3,6162.82,18488.46,10216.15,8272.31,North,credit card,Budget
O10007,2024-07-13,C1350,Headphones,Electronics,4,3020.48,12081.94,6832.53,5249.41,North,UPI,Regular
O10008,2024-04-18,C1108,Laptop,Electronics,1,58355.5,58355.5,41169.78,17185.72,West,COD,Budget
O10009,2024-10-02,C1298,Watch,Accessories,5,5571.45,27857.23,16238.71,11618.52,South,UPI,
O10010,2024-03-19,C1305,Watch,Accessories,1,,5509.09,3182.98,2326.11,West,credit card,
O10011,2024-12-14,C1393,Watch,Accessories,1,6034.94,6034.94,3829.75,2205.19,North,Debit Card,Budget
O10012,2024-09-13,C1320,Backpack,Accessories,3,1676.94,5030.81,2431.75,2599.06,South,UPI,Premium
O10013,2024-01-01,C1009,Running Shoes,Footwear,5,3683.76,18418.79,10078.76,8340.03,East,Debit Card,
O10014,2024-02-13,C1389,Office Chair,Furniture,1,7292.68,7292.68,5378.01,1914.67,South,UPI,Premium
O10015,2024-11-06,C1276,Watch,Accessories,5,6536.22,32681.09,16327.94,16353.15,South,COD,Regular
O10016,2024-08-12,C1061,Desk,Furniture,3,11757.58,35272.74,24824.1,10448.64,North,Debit Card,
O10017,2024-01-04,C1117,Laptop,Electronics,2,55971.4,111942.79,79465.93,32476.86,North,Debit Card,Premium
O10018,2024-04-19,C1124,Smartphone,Electronics,4,25070.78,100283.12,68810.07,31473.05,West,UPI,
O10019,2024-07-29,C1344,Smartphone,Electronics,4,22984.65,91938.62,71007.14,20931.48,North,Credit Card,Premium
O10020,2024-05-07,C1071,Backpack,Accessories,1,1882.16,1882.16,954.11,928.05,East,Cash on Delivery,
O10021,2024-02-20,C1047,Office Chair,Furniture,5,8599.18,42995.89,22876.92,20118.97,South,UPI,Premium
O10022,2024-01-31,C1199,Backpack,Accessories,4,1794.83,7179.32,3393.9,3785.42,West,Debit Card,Premium
O10023,2024-12-04,C1097,Backpack,Accessories,5,1870.77,9353.86,4707.45,4646.41,North,credit card,Regular
O10024,2024-09-01,C1029,Laptop,Electronics,5,57727.73,288638.66,191400.94,97237.72,North,UPI,Regular
O10025,2024-07-25,C1296,Smartphone,Electronics,2,25475.18,50950.35,37261.53,13688.82,North,Cash on Delivery,Regular
O10026,2024-05-02,C1343,Running Shoes,Footwear,3,3804.29,11412.88,5645.11,5767.77,West,Debit Card,Regular
O10027,2024-02-21,C1259,Smartphone,Electronics,5,22546.58,112732.89,92180.87,20552.02,East,Credit Card,Regular
O10028,2024-12-26,C1341,Office Chair,Furniture,5,7791.24,38956.22,23288.73,15667.49,East,COD,Premium
O10029,2024-02-24,C1139,Smartphone,Electronics,1,27194.65,27194.65,16683.45,10511.2,South,COD,Regular
O10030,2024-09-15,C1047,Running Shoes,Footwear,3,3292.52,9877.55,6161.09,3716.46,East,Credit Card,Premium
O10031,2024-03-23,C1287,Laptop,Electronics,-3,53169.12,159507.37,116696.66,42810.71,North,COD,
O10032,2024-10-09,C1021,Headphones,Electronics,5,3027.35,15136.77,9602.27,5534.5,North,Debit Card,Regular
O10033,2025-02-03,C1317,Office Chair,Furniture,3,8291.31,24873.92,15500.8,9373.12,South,UPI,
O10034,2025-02-04,C1136,Headphones,Electronics,3,3228.85,9686.55,4886.77,4799.78,North,Cash on Delivery,Regular
O10035,2024-06-28,C1114,Laptop,Electronics,4,58944.53,235778.1,158673.77,77104.33,South,Cash on Delivery,Regular
O10036,2024-06-28,C1347,Running Shoes,Footwear,3,3345.02,10035.07,5483.3,4551.77,East,Credit Card,
O10037,2024-05-15,C1176,Smartphone,Electronics,5,26885.19,134425.96,85701.87,48724.09,East,Cash on Delivery,
O10038,2024-01-23,C1266,Smartphone,Electronics,3,24425.98,73277.93,54827.15,18450.78,South,Debit Card,Premium
O10039,2024-11-15,C1368,Backpack,Accessories,3,1645.19,4935.57,2788.69,2146.88,East,COD,Premium
O10040,2024-03-06,C1346,Backpack,Accessories,5,1737.43,8687.13,4677.49,4009.64,South,credit card,
O10041,2024-05-26,C1238,Desk,Furniture,3,11774.58,35323.74,25601.88,9721.86,South,credit card,Budget
O10042,2024-12-03,C1047,Watch,Accessories,2,6352.48,12704.96,7643.76,5061.2,South,COD,Budget
O10043,2024-01-24,C1312,Desk,Furniture,1,11339.14,11339.14,7518.61,3820.53,North,Cash on Delivery,
O10044,2024-09-10,C1335,Backpack,Accessories,4,1939.01,7756.04,3654.48,4101.56,North,Cash on Delivery,Regular
O10045,2024-08-25,C1062,Office Chair,Furniture,5,7481.42,37407.09,27289.83,10117.26,West,COD,Regular
O10046,2025-01-03,C1280,Running Shoes,Footwear,5,3815.03,19075.14,10782.85,8292.29,South,COD,
O10047,2025-01-27,C1320,Watch,Accessories,3,5940.08,17820.25,11028.73,6791.52,West,Credit Card,
O10048,2024-02-11,C1196,Desk,Furniture,5,11362.78,56813.92,38686.78,18127.14,South,Credit Card,Regular
O10049,2024-02-01,C1199,Backpack,Accessories,4,1766.74,7066.94,3630.68,3436.26,North,credit card,
O10050,2025-01-20,C1275,Backpack,Accessories,3,1791.71,5375.14,2939.08,2436.06,South,Cash on Delivery,
O10051,2024-06-21,C1370,Office Chair,Furniture,4,7636.7,30546.79,19942.57,10604.22,West,UPI,
O10052,2024-02-12,C1236,Laptop,Electronics,1,59476.22,59476.22,42771.9,16704.32,East,Cash on Delivery,Regular
O10053,2024-05-22,C1129,Running Shoes,Footwear,4,3298.16,13192.65,7722.95,5469.7,West,Credit Card,
O10054,2025-02-03,C1386,Laptop,Electronics,1,60498.99,60498.99,40739.67,19759.32,South,UPI,Premium
O10055,2024-12-08,C1238,Laptop,Electronics,4,56334.69,225338.77,159215.11,66123.66,East,UPI,Regular
O10056,2024-02-25,C1294,Smartphone,Electronics,3,26388.96,79166.88,50368.67,28798.21,West,Cash on Delivery,Budget
O10057,2024-02-22,C1350,Office Chair,Furniture,2,7321.59,14643.19,10381.23,4261.96,North,credit card,Budget
O10058,2024-02-05,C1006,Laptop,Electronics,3,53319.24,159957.72,124195.13,35762.59,West,Credit Card,Budget
O10059,2024-12-28,C1375,Backpack,Accessories,4,1965.88,7863.53,3697.62,4165.91,East,credit card,Regular
O10060,2024-05-17,C1044,Watch,Accessories,5,5957.85,29789.24,18640.07,11149.17,West,UPI,Regular
O10061,2024-01-15,C1093,Watch,Accessories,3,6083.82,18251.46,10853.2,7398.26,East,Debit Card,Budget
O10062,31/02/2024,C1043,Running Shoes,Footwear,3,3345.76,10037.28,6115.39,3921.89,West,Cash on Delivery,Regular
O10063,2024-08-17,C1150,Office Chair,Furniture,4,8304.97,33219.9,20583.61,12636.29,South,Debit Card,Premium
O10064,2025-01-16,C1359,Running Shoes,Footwear,4,3481.28,13925.13,8049.48,5875.65,East,Debit Card,Budget
O10065,2025-01-15,C1098,Office Chair,Furniture,1,7393.05,7393.05,4692.58,2700.47,West,Debit Card,Regular
O10066,2024-04-26,C1007,Desk,Furniture,3,13153.23,39459.68,25596.62,13863.06,South,Debit Card,Budget
O10067,2024-11-22,C1052,Laptop,Electronics,2,60217.24,120434.49,84896.43,35538.06,,Cash on Delivery,
O10068,2024-05-09,C1058,Watch,Accessories,1,5928.56,5928.56,3279.05,2649.51,,Cash on Delivery,
O10069,2024-03-17,C1043,Smartphone,Electronics,2,,50770.21,37342.45,13427.76,North,credit card,Budget
O10070,2025-02-01,C1226,Backpack,Accessories,2,1838.27,3676.55,1904.67,1771.88,West,Debit Card,
O10071,2024-11-16,C1080,Laptop,Electronics,2,56205.94,112411.88,88033.5,24378.38,North,UPI,Premium
O10072,2024-05-29,C1361,Laptop,Electronics,4,53993.69,215974.77,174362.87,41611.9,West,Credit Card,Budget
O10073,2024-12-04,C1217,Office Chair,Furniture,5,8678.26,43391.29,26439.14,16952.15,South,COD,Regular
O10074,2024-01-31,C1304,Headphones,Electronics,1,,3245.05,1917.59,1327.46,East,Cash on Delivery,Budget
O10075,2024-05-19,C1224,Smartphone,Electronics,4,24843.49,99373.96,69178.91,30195.05,North,Cash on Delivery,
O10076,2024-12-11,C1391,Running Shoes,Footwear,2,3572.6,7145.2,3620.69,3524.51,East,credit card,Premium
O10077,2024-11-29,C1092,Laptop,Electronics,5,57894.2,289471.0,196358.01,93112.99,West,COD,Budget
O10078,2024-06-19,C1082,Watch,Accessories,4,6562.87,26251.47,13916.03,12335.44,West,Debit Card,Premium
O10079,2024-02-15,C1059,Backpack,Accessories,4,1912.88,7651.54,3636.07,4015.47,West,credit card,Budget
O10080,2024-01-28,C1318,Laptop,Electronics,4,56734.26,226937.06,169431.14,57505.92,West,Credit Card,Budget
O10081,2024-08-12,C1062,Office Chair,Furniture,3,7627.29,22881.87,13893.04,8988.83,South,COD,
O10082,2024-02-17,C1236,Headphones,Electronics,4,2886.45,11545.8,6499.69,5046.11,South,Cash on Delivery,Premium
O10083,2024-08-29,C1196,Desk,Furniture,4,12021.29,48085.17,30549.92,17535.25,South,Credit Card,Regular
O10084,2024-09-16,C1144,Desk,Furniture,3,12654.42,37963.26,25701.18,12262.08,West,UPI,Premium
O10085,2025-01-25,C1164,Watch,Accessories,5,,30231.48,16957.93,13273.55,South,credit card,
O10086,2024-06-11,C1197,Backpack,Accessories,1,1704.08,1704.08,949.6,754.48,South,Cash on Delivery,
O10087,2024-02-21,C1051,Laptop,Electronics,3,50888.71,152666.13,137726.91,14939.22,West,Credit Card,
O10088,2024-02-08,C1173,Headphones,Electronics,2,2945.99,5891.97,3711.44,2180.53,West,COD,Budget
O10089,2024-07-13,C1277,Smartphone,Electronics,5,26758.83,133794.13,96342.14,37451.99,North,UPI,
O10090,2024-02-20,C1227,Desk,Furniture,4,13193.82,52775.29,33579.3,19195.99,East,Credit Card,Premium
O10091,2024-07-10,C1271,Laptop,Electronics,3,53068.12,3184087.1999999997,114814.2,44390.16,South,UPI,Regular
O10092,2024-12-15,C1118,Headphones,Electronics,5,2747.38,13736.91,9667.51,4069.4,East,Cash on Delivery,Regular
O10093,2024-05-27,C1037,Desk,Furniture,4,12400.42,49601.67,34553.01,15048.66,East,credit card,Regular
O10094,2024-08-21,C1196,Desk,Furniture,3,12333.45,37000.36,23636.68,13363.68,North,UPI,Regular
O10095,2024-01-12,C1140,Backpack,Accessories,-3,1825.89,5477.68,2740.4,2737.28,North,credit card,
O10096,2024-11-06,C1325,Watch,Accessories,2,6399.41,12798.81,7564.11,5234.7,East,COD,Regular
O10097,2024-06-07,C1296,Headphones,Electronics,1,3076.95,3076.95,1945.23,1131.72,South,Credit Card,Premium
O10098,2024-03-08,C1271,Desk,Furniture,2,11584.13,23168.25,15729.61,7438.64,East,UPI,Budget
O10099,2025-01-17,C1239,Desk,Furniture,3,12993.72,38981.15,26132.1,12849.05,South,UPI,Premium
O10100,2024-02-16,C1135,Backpack,Accessories,3,1968.22,5904.65,2864.48,3040.17,West,Debit Card,Premium
O10101,2024-02-25,C1012,Desk,Furniture,3,12202.94,36608.83,25547.6,11061.23,East,credit card,
O10102,2024-12-24,C1059,Office Chair,Furniture,4,8236.24,32944.98,20541.62,12403.36,North,Debit Card,
O10103,2024-03-10,C1343,Watch,Accessories,5,5539.34,27696.72,16571.8,11124.92,West,credit card,Budget
O10104,2024-11-11,C1016,Headphones,Electronics,4,3231.25,12924.99,7423.09,5501.9,South,Cash on Delivery,Budget
O10105,2024-12-17,C1031,Watch,Accessories,1,,6540.67,3748.82,2791.85,South,Credit Card,Budget
O10106,2024-01-11,C1124,Watch,Accessories,5,5510.01,27550.04,16492.37,11057.67,South,Credit Card,Budget
O10107,2024-06-17,C1141,Office Chair,Furniture,2,8138.21,16276.43,10626.11,5650.32,South,UPI,Premium
O10108,31/02/2024,C1301,Desk,Furniture,1,12716.43,12716.43,7375.88,5340.55,South,Debit Card,Regular
O10109,2025-01-16,C1398,Laptop,Electronics,1,50894.34,50894.34,41336.07,9558.27,North,Cash on Delivery,
O10110,2024-06-03,C1031,Office Chair,Furniture,5,8712.67,43563.33,22716.83,20846.5,West,Cash on Delivery,Premium
O10111,2024-02-11,C1033,Smartphone,Electronics,1,24951.34,24951.34,19474.92,5476.42,East,Cash on Delivery,Regular
O10112,2024-12-25,C1220,Desk,Furniture,1,11888.92,11888.92,8168.68,3720.24,South,Cash on Delivery,Regular
O10113,2024-06-09,C1191,Running Shoes,Footwear,1,3729.19,3729.19,1959.49,1769.7,West,Credit Card,Budget
O10114,2025-01-16,C1284,Smartphone,Electronics,1,26658.86,26658.86,16535.63,10123.23,East,COD,Regular
O10115,2025-01-04,C1307,Smartphone,Electronics,4,24554.04,98216.17,77379.95,20836.22,North,credit card,Budget
O10116,2024-06-28,C1058,Office Chair,Furniture,1,7447.57,7447.57,4982.19,2465.38,South,Cash on Delivery,Budget
O10117,2024-01-15,C1173,Laptop,Electronics,3,56198.94,168596.83,129977.35,38619.48,South,UPI,Budget
O10118,2024-02-16,C1192,Backpack,Accessories,1,1645.05,1645.05,943.37,701.68,East,UPI,Regular
O10119,2024-11-01,C1079,Running Shoes,Footwear,5,3368.15,16840.73,9648.77,7191.96,North,COD,Premium
O10120,2024-11-06,C1110,Smartphone,Electronics,4,23860.51,95442.06,74331.92,21110.14,North,Debit Card,Budget
O10121,2024-09-06,C1023,Backpack,Accessories,5,1659.92,8299.6,4660.4,3639.2,North,Credit Card,Budget
O10122,2025-01-26,C1061,Office Chair,Furniture,-2,7682.27,15364.54,9422.47,5942.07,West,UPI,Budget
O10123,2024-10-13,C1036,Headphones,Electronics,5,2928.12,14640.62,9366.61,5274.01,North,Cash on Delivery,Budget
O10124,2024-10-21,C1363,Laptop,Electronics,3,54557.3,163671.89,115362.14,48309.75,,Credit Card,
O10125,2024-08-23,C1045,Backpack,Accessories,5,,8137.54,4342.29,3795.25,North,UPI,Budget
O10126,2024-06-07,C1170,Backpack,Accessories,4,1831.99,7327.97,3617.25,3710.72,North,credit card,Regular
O10127,2024-06-28,C1120,Smartphone,Electronics,3,25153.02,75459.07,50694.16,24764.91,East,UPI,Regular
O10128,2024-03-31,C1237,Headphones,Electronics,1,3061.44,3061.44,1893.68,1167.76,West,COD,
O10129,2024-08-13,C1323,Running Shoes,Footwear,2,3754.97,7509.95,4101.77,3408.18,East,credit card,
O10130,2024-08-19,C1146,Laptop,Electronics,4,53371.36,213485.46,153692.81,59792.65,North,credit card,Budget
O10131,2024-08-18,C1164,Backpack,Accessories,1,1786.58,1786.58,909.78,876.8,South,Credit Card,Regular
O10132,2024-12-31,C1020,Watch,Accessories,3,5524.2,16572.61,11338.17,5234.44,West,Cash on Delivery,Regular
O10133,2024-07-28,C1323,Headphones,Electronics,4,2918.34,11673.36,7801.83,3871.53,North,Debit Card,Premium
O10134,2025-01-05,C1170,Smartphone,Electronics,3,25289.82,75869.45,52774.89,23094.56,South,Debit Card,Regular
O10135,2024-03-07,C1158,Desk,Furniture,4,13122.47,52489.89,33270.27,19219.62,East,UPI,Premium
O10136,2024-01-10,C1109,Smartphone,Electronics,3,25730.12,77190.37,53172.79,24017.58,West,UPI,Regular
O10137,2024-02-21,C1338,Office Chair,Furniture,3,8799.96,26399.89,13964.84,12435.05,South,credit card,Premium
O10138,2024-03-25,C1210,Backpack,Accessories,5,1675.53,8377.65,4212.76,4164.89,South,Cash on Delivery,Premium
O10139,2024-09-30,C1099,Desk,Furniture,2,12605.74,25211.48,16908.16,8303.32,West,Cash on Delivery,
O10140,2024-03-23,C1128,Desk,Furniture,4,12667.5,50669.99,32018.6,18651.39,West,Debit Card,Regular
O10141,2024-05-25,C1139,Smartphone,Electronics,1,26057.0,26057.0,18057.27,7999.73,South,Cash on Delivery,Regular
O10142,2024-06-27,C1027,Smartphone,Electronics,4,27232.07,108928.27,67997.35,40930.92,East,UPI,
O10143,2024-06-12,C1074,Backpack,Accessories,1,1978.03,1978.03,877.48,1100.55,East,Cash on Delivery,Budget
O10144,2024-01-03,C1131,Headphones,Electronics,5,3155.3,15776.52,8944.4,6832.12,South,credit card,Premium
O10145,2024-03-03,C1327,Backpack,Accessories,3,1660.03,4980.08,2585.57,2394.51,West,Credit Card,
O10146,2024-01-09,C1367,Smartphone,Electronics,5,26683.44,133417.19,89996.93,43420.26,West,Credit Card,Regular
O10147,2024-09-25,C1269,Running Shoes,Footwear,1,3318.39,3318.39,1966.63,1351.76,North,Cash on Delivery,Premium
O10148,2024-05-09,C1034,Watch,Accessories,3,5452.24,16356.72,10262.45,6094.27,North,credit card,Budget
O10149,2024-11-25,C1356,Running Shoes,Footwear,3,3243.39,9730.16,5822.76,3907.4,South,UPI,
O10150,2024-05-30,C1021,Smartphone,Electronics,1,26080.23,26080.23,19596.98,6483.25,East,credit card,Regular
O10151,2024-01-19,C1146,Backpack,Accessories,3,1976.08,5928.25,2723.24,3205.01,North,COD,Regular
O10152,2024-07-23,C1173,Running Shoes,Footwear,4,3341.25,13365.01,8478.95,4886.06,West,COD,
O10153,2024-02-12,C1220,Watch,Accessories,3,5840.82,17522.45,11124.31,6398.14,South,credit card,Premium
O10154,2024-06-05,C1085,Desk,Furniture,3,11570.91,34712.72,21984.33,12728.39,East,Cash on Delivery,
O10155,2024-08-10,C1038,Laptop,Electronics,5,57494.96,287474.79,227287.5,60187.29,West,Debit Card,Premium
O10156,2024-12-13,C1064,Headphones,Electronics,5,,16358.37,8357.0,8001.37,East,Debit Card,Premium
O10157,2024-12-13,C1190,Backpack,Accessories,2,1961.81,3923.62,1631.66,2291.96,North,credit card,Budget
O10158,2024-05-07,C1376,Headphones,Electronics,3,3017.68,9053.03,5289.88,3763.15,West,credit card,Premium
O10159,2024-04-19,C1355,Smartphone,Electronics,4,23808.88,95235.53,68548.17,26687.36,West,UPI,Budget
O10160,2024-12-31,C1349,Smartphone,Electronics,2,23178.64,46357.28,32933.17,13424.11,East,COD,Premium
O10161,2024-06-02,C1185,Running Shoes,Footwear,3,3646.68,10940.04,6060.0,4880.04,North,UPI,Regular
O10162,2024-10-10,C1282,Headphones,Electronics,3,2842.04,8526.13,5393.54,3132.59,North,Credit Card,
O10163,2024-09-26,C1294,Desk,Furniture,4,11755.58,47022.34,33388.38,13633.96,East,COD,
O10164,2024-03-06,C1393,Smartphone,Electronics,3,24749.87,74249.62,55945.18,18304.44,West,credit card,Regular
O10165,2024-03-25,C1177,Laptop,Electronics,3,58645.3,175935.9,126456.17,49479.73,East,Credit Card,Regular
O10166,2024-03-05,C1257,Desk,Furniture,3,11271.12,33813.37,26190.49,7622.88,South,UPI,Premium
O10167,2024-02-11,C1333,Running Shoes,Footwear,1,3739.77,3739.77,2025.45,1714.32,West,credit card,Budget
O10168,2024-11-24,C1125,Laptop,Electronics,3,54978.42,164935.26,129204.53,35730.73,West,Debit Card,
O10169,2024-07-31,C1174,Watch,Accessories,4,5487.57,21950.27,12767.76,9182.51,East,COD,Regular
O10170,2024-03-07,C1163,Running Shoes,Footwear,4,3663.94,14655.76,8577.24,6078.52,North,Debit Card,Premium
O10171,2024-07-15,C1127,Watch,Accessories,3,5697.5,17092.51,9653.3,7439.21,South,Debit Card,
O10172,2024-08-27,C1254,Running Shoes,Footwear,5,3282.88,16414.42,9318.68,7095.74,West,credit card,Budget
O10173,2024-01-25,C1305,Watch,Accessories,3,6560.02,19680.07,9901.8,9778.27,West,Debit Card,
O10174,2025-01-07,C1187,Laptop,Electronics,3,58818.9,176456.69,124259.38,52197.31,North,credit card,
O10175,2024-09-15,C1319,Office Chair,Furniture,4,7780.04,31120.15,19154.41,11965.74,North,UPI,Budget
O10176,2024-10-12,C1101,Smartphone,Electronics,3,24469.52,73408.56,57184.89,16223.67,West,credit card,Regular
O10177,2024-08-30,C1310,Laptop,Electronics,3,49998.34,149995.01,116853.32,33141.69,South,Debit Card,Regular
O10178,2024-10-30,C1362,Running Shoes,Footwear,3,3263.75,9791.25,6588.74,3202.51,West,Credit Card,
O10179,2024-10-25,C1305,Running Shoes,Footwear,4,3381.87,13527.47,7375.37,6152.1,South,COD,Premium
O10180,2025-01-31,C1348,Laptop,Electronics,5,55918.76,279593.78,196161.51,83432.27,,UPI,Regular
O10181,2024-12-19,C1376,Laptop,Electronics,4,54351.42,217405.7,165271.02,52134.68,South,credit card,
O10182,2024-09-26,C1235,Office Chair,Furniture,4,8097.42,32389.68,21992.49,10397.19,East,credit card,Regular
O10183,2024-11-08,C1142,Running Shoes,Footwear,3,3623.11,10869.32,6441.19,4428.13,South,Debit Card,Regular
O10184,2024-06-11,C1147,Desk,Furniture,4,12491.76,49967.05,33217.54,16749.51,West,Cash on Delivery,Budget
O10185,2024-01-22,C1177,Running Shoes,Footwear,3,3818.23,11454.68,6365.54,5089.14,East,COD,Premium
O10186,2024-10-14,C1055,Watch,Accessories,3,5656.78,16970.35,11188.7,5781.65,South,UPI,Regular
O10187,2024-01-27,C1367,Laptop,Electronics,2,56868.17,113736.35,84521.5,29214.85,South,Credit Card,Budget
O10188,2024-09-01,C1164,Headphones,Electronics,4,2944.14,11776.58,7826.45,3950.13,North,Credit Card,Budget
O10189,2024-03-30,C1018,Office Chair,Furniture,1,8056.24,8056.24,5223.12,2833.12,West,Cash on Delivery,Regular
O10190,31/02/2024,C1171,Headphones,Electronics,3,3261.97,9785.9,5899.1,3886.8,West,UPI,Premium
O10191,2024-03-24,C1367,Watch,Accessories,3,5727.4,17182.21,11148.51,6033.7,East,Debit Card,Budget
O10192,2024-08-06,C1205,Office Chair,Furniture,4,7480.79,29923.17,21424.59,8498.58,South,UPI,Premium
O10193,2024-07-15,C1168,Watch,Accessories,3,5788.32,17364.97,9970.9,7394.07,North,Debit Card,Budget
O10194,2024-08-26,C1351,Running Shoes,Footwear,1,3634.94,3634.94,1824.85,1810.09,East,COD,
O10195,2024-11-10,C1244,Smartphone,Electronics,3,,77080.67,58758.86,18321.81,,Cash on Delivery,Regular
O10196,2025-01-25,C1269,Watch,Accessories,2,6308.82,12617.64,7422.79,5194.85,East,Credit Card,Premium
O10197,2024-04-13,C1084,Smartphone,Electronics,5,22808.79,114043.95,90857.69,23186.26,West,Credit Card,Regular
O10198,2024-08-16,C1067,Office Chair,Furniture,5,8347.07,41735.34,24944.14,16791.2,West,credit card,
O10199,2025-01-05,C1001,Laptop,Electronics,3,55646.77,166940.31,130353.75,36586.56,North,Credit Card,Budget
O10200,2024-02-05,C1016,Backpack,Accessories,1,1744.03,1744.03,821.48,922.55,South,UPI,
O10201,2024-07-12,C1334,Backpack,Accessories,4,1754.81,7019.22,3881.76,3137.46,North,UPI,Regular
O10202,2024-01-02,C1237,Backpack,Accessories,2,1810.38,3620.77,1882.03,1738.74,West,credit card,Budget
O10203,2024-03-20,C1016,Backpack,Accessories,3,1916.41,5749.23,2563.66,3185.57,West,credit card,Premium
O10204,2024-01-18,C1125,Laptop,Electronics,5,52147.33,260736.65,191826.22,68910.43,West,Cash on Delivery,Premium
O10205,2024-03-12,C1119,Office Chair,Furniture,1,8063.62,8063.62,5254.39,2809.23,East,credit card,Budget
O10206,2024-04-23,C1031,Running Shoes,Footwear,5,3315.83,16579.16,10752.52,5826.64,South,COD,Budget
O10207,2024-11-25,C1356,Backpack,Accessories,3,1820.11,5460.32,2455.32,3005.0,South,Debit Card,Budget
O10208,2024-04-25,C1237,Backpack,Accessories,2,1686.2,3372.39,1813.65,1558.74,West,Cash on Delivery,Regular
O10209,2024-11-27,C1189,Headphones,Electronics,3,2933.05,8799.15,5135.4,3663.75,South,Credit Card,
O10210,2024-02-07,C1245,Desk,Furniture,1,11705.2,11705.2,8167.95,3537.25,East,Debit Card,Regular
O10211,2025-01-17,C1124,Laptop,Electronics,1,51829.89,51829.89,39396.2,12433.69,South,Cash on Delivery,
O10212,2024-08-26,C1157,Office Chair,Furniture,4,8083.33,32333.31,21102.06,11231.25,West,Cash on Delivery,Budget
O10213,2024-04-14,C1023,Smartphone,Electronics,3,26514.08,79542.25,56402.07,23140.18,South,COD,
O10214,2024-10-23,C1078,Headphones,Electronics,5,2709.73,13548.66,9095.96,4452.7,South,Cash on Delivery,Budget
O10215,2024-05-11,C1370,Office Chair,Furniture,3,7998.88,23996.65,15463.82,8532.83,West,Cash on Delivery,
O10216,2025-01-03,C1277,Headphones,Electronics,2,3139.66,6279.33,3493.57,2785.76,North,credit card,Regular
O10217,31/02/2024,C1322,Laptop,Electronics,1,58729.75,58729.75,38424.38,20305.37,South,Credit Card,Regular
O10218,2024-11-22,C1337,Office Chair,Furniture,5,8009.17,40045.86,24366.0,15679.86,North,credit card,
O10219,2024-10-01,C1257,Backpack,Accessories,3,1624.27,4872.8,2715.89,2156.91,West,UPI,Premium
O10220,2024-04-08,C1181,Smartphone,Electronics,2,27090.24,54180.49,36175.57,18004.92,West,Credit Card,Budget
O10221,2024-12-22,C1334,Running Shoes,Footwear,2,3821.51,7643.02,3967.2,3675.82,North,Credit Card,Premium
O10222,31/02/2024,C1042,Backpack,Accessories,1,1756.54,1756.54,909.49,847.05,West,COD,Regular
O10223,2024-09-27,C1108,Running Shoes,Footwear,1,3546.1,3546.1,2143.18,1402.92,West,Debit Card,Regular
O10224,2024-10-05,C1091,Laptop,Electronics,3,59665.75,178997.26,130647.6,48349.66,East,Credit Card,Premium
O10225,2024-02-09,C1290,Office Chair,Furniture,4,8139.26,32557.03,21009.02,11548.01,West,COD,Regular
O10226,2024-09-13,C1027,Running Shoes,Footwear,1,3418.69,3418.69,2095.9,1322.79,South,Credit Card,Budget
O10227,2024-07-22,C1015,Running Shoes,Footwear,5,3573.62,17868.09,10227.73,7640.36,West,Cash on Delivery,Budget
O10228,2024-04-05,C1043,Office Chair,Furniture,4,7769.3,621543.7999999999,21764.57,9312.62,East,UPI,
O10229,2025-01-13,C1054,Smartphone,Electronics,2,22910.19,45820.38,33510.39,12309.99,East,Cash on Delivery,Budget
O10230,2024-04-05,C1052,Running Shoes,Footwear,1,3682.94,3682.94,1840.89,1842.05,East,credit card,
O10231,2024-01-07,C1398,Smartphone,Electronics,4,25484.62,101938.49,76095.92,25842.57,South,credit card,
O10232,2024-06-03,C1032,Headphones,Electronics,3,3111.19,9333.57,5043.06,4290.51,East,Cash on Delivery,Regular
O10233,2024-05-06,C1304,Desk,Furniture,3,11962.16,35886.47,21969.22,13917.25,West,Credit Card,
O10234,2024-11-13,C1225,Headphones,Electronics,3,2882.79,8648.38,5884.73,2763.65,South,Debit Card,Budget
O10235,2024-06-09,C1163,Running Shoes,Footwear,4,3572.25,14288.99,8312.47,5976.52,West,credit card,
O10236,2024-07-05,C1303,Office Chair,Furniture,4,7721.42,30885.67,19121.2,11764.47,South,COD,Regular
O10237,2024-08-12,C1209,Laptop,Electronics,2,59983.05,119966.1,83355.25,36610.85,South,COD,Premium
O10238,2024-07-12,C1298,Desk,Furniture,4,11380.85,45523.4,33015.44,12507.96,,credit card,
O10239,2024-10-31,C1055,Laptop,Electronics,5,58197.93,290989.65,204100.24,86889.41,East,UPI,Premium
O10240,2025-01-20,C1054,Laptop,Electronics,4,55695.42,222781.69,172873.05,49908.64,East,UPI,
O10241,2024-12-19,C1012,Office Chair,Furniture,5,7913.25,39566.23,24455.67,15110.56,East,Cash on Delivery,Budget
O10242,2024-06-27,C1105,Smartphone,Electronics,2,23080.35,46160.69,39172.87,6987.82,East,Cash on Delivery,
O10243,2024-02-04,C1011,Smartphone,Electronics,3,24690.83,74072.49,56125.04,17947.45,North,COD,Premium
O10244,2024-03-30,C1286,Headphones,Electronics,5,3257.95,16289.77,9432.88,6856.89,West,UPI,Budget
O10245,2024-07-21,C1230,Backpack,Accessories,4,1846.71,7386.85,3374.2,4012.65,West,Credit Card,Regular
O10246,2024-10-22,C1187,Office Chair,Furniture,1,7529.26,7529.26,5252.33,2276.93,West,Credit Card,Regular
O10247,2024-11-01,C1300,Desk,Furniture,3,12409.68,37229.05,23949.52,13279.53,East,Cash on Delivery,
O10248,2024-11-10,C1160,Headphones,Electronics,3,3188.24,9564.73,5622.47,3942.26,East,Credit Card,Regular
O10249,2024-08-02,C1216,Headphones,Electronics,4,2923.98,11695.93,6683.56,5012.37,South,credit card,
O10250,2024-08-18,C1004,Headphones,Electronics,3,2993.79,8981.36,5011.52,3969.84,South,Cash on Delivery,Budget
O10251,2024-09-07,C1389,Watch,Accessories,4,5890.96,23563.84,13976.83,9587.01,North,Debit Card,Premium
O10252,2024-10-16,C1281,Office Chair,Furniture,4,8060.17,32240.7,18672.84,13567.86,North,Debit Card,
O10253,2024-10-06,C1052,Running Shoes,Footwear,4,3529.43,14117.72,8410.86,5706.86,South,Debit Card,
O10254,2024-08-12,C1397,Laptop,Electronics,1,54447.06,54447.06,40728.05,13719.01,South,COD,Premium
O10255,2024-03-25,C1105,Running Shoes,Footwear,4,3752.73,15010.94,8176.42,6834.52,East,credit card,Regular
O10256,2024-05-28,C1069,Desk,Furniture,3,12232.46,36697.38,22408.21,14289.17,West,Credit Card,Premium
O10257,2024-05-07,C1126,Desk,Furniture,2,12880.91,25761.83,14806.04,10955.79,West,Cash on Delivery,Budget
O10258,2024-07-11,C1206,Headphones,Electronics,4,3046.46,12185.82,6866.95,5318.87,East,COD,Premium
O10259,2024-01-02,C1374,Running Shoes,Footwear,5,3468.29,17341.43,9976.09,7365.34,East,Credit Card,Premium
O10260,2024-09-10,C1172,Backpack,Accessories,2,1698.42,3396.84,1774.67,1622.17,South,credit card,Budget
O10261,2024-01-24,C1008,Watch,Accessories,1,6345.96,6345.96,3775.91,2570.05,South,Cash on Delivery,
O10262,2024-12-18,C1081,Watch,Accessories,2,5400.81,10801.62,7641.24,3160.38,East,Credit Card,Budget
O10263,2024-01-27,C1371,Running Shoes,Footwear,2,3325.27,6650.54,3897.48,2753.06,South,Cash on Delivery,Budget
O10264,2024-02-09,C1265,Smartphone,Electronics,4,26018.49,104073.96,64815.64,39258.32,North,Credit Card,Regular
O10265,2024-12-21,C1117,Running Shoes,Footwear,4,3721.98,14887.91,8781.05,6106.86,North,Credit Card,Premium
O10266,2025-01-31,C1328,Running Shoes,Footwear,4,3407.29,13629.17,7678.81,5950.36,South,Credit Card,Regular
O10267,2025-01-04,C1210,Laptop,Electronics,3,56213.51,168640.53,117535.74,51104.79,West,UPI,Regular
O10268,2024-10-28,C1219,Smartphone,Electronics,1,26982.96,26982.96,16704.05,10278.91,South,UPI,Budget
O10269,2024-11-03,C1398,Desk,Furniture,5,12347.09,61735.45,37985.34,23750.11,North,COD,Budget
O10270,2025-01-17,C1122,Desk,Furniture,2,11293.07,22586.14,16342.17,6243.97,North,UPI,Premium
O10271,2024-07-03,C1198,Watch,Accessories,1,6165.7,6165.7,3199.71,2965.99,West,Debit Card,Regular
O10272,2024-01-09,C1134,Headphones,Electronics,1,3157.64,3157.64,1963.6,1194.04,North,Cash on Delivery,Premium
O10273,2024-08-04,C1327,Desk,Furniture,4,12308.57,49234.28,32006.71,17227.57,South,Debit Card,Premium
O10274,2024-03-20,C1300,Smartphone,Electronics,2,24049.53,48099.07,36081.39,12017.68,North,Debit Card,
O10275,2024-05-05,C1059,Backpack,Accessories,1,1882.79,1882.79,962.36,920.43,North,Debit Card,
O10276,2024-03-24,C1267,Headphones,Electronics,1,2771.67,2771.67,1874.84,896.83,East,UPI,Budget
O10277,2025-01-10,C1171,Running Shoes,Footwear,3,3238.85,9716.55,6337.35,3379.2,East,credit card,Premium
O10278,2024-09-11,C1028,Smartphone,Electronics,1,23814.75,23814.75,19710.18,4104.57,South,Debit Card,Budget
O10279,2024-12-11,C1379,Headphones,Electronics,5,2853.07,14265.35,8285.23,5980.12,North,Credit Card,Regular
O10280,2024-04-01,C1283,Office Chair,Furniture,2,7273.57,14547.14,9727.95,4819.19,West,UPI,Premium
O10281,2024-05-18,C1061,Running Shoes,Footwear,3,3323.78,9971.35,6499.03,3472.32,North,UPI,Budget
O10282,2024-02-05,C1396,Office Chair,Furniture,4,8486.94,33947.76,21925.66,12022.1,East,Credit Card,Budget
O10283,2024-06-04,C1237,Watch,Accessories,5,5409.56,27047.82,16452.35,10595.47,West,UPI,Regular
O10284,2024-04-29,C1171,Office Chair,Furniture,-1,7440.91,7440.91,5432.4,2008.51,West,COD,Premium
O10285,2024-08-02,C1072,Desk,Furniture,2,11049.48,441979.19999999995,16095.41,6003.55,North,Credit Card,Premium
O10286,2024-08-22,C1297,Office Chair,Furniture,3,8635.66,25906.98,15059.28,10847.7,South,COD,Premium
O10287,2024-12-05,C1149,Backpack,Accessories,4,1646.94,6587.76,3648.83,2938.93,East,Cash on Delivery,Regular
O10288,2024-04-13,C1079,Running Shoes,Footwear,1,3372.64,3372.64,1908.78,1463.86,West,Cash on Delivery,Premium
O10289,2024-08-19,C1061,Running Shoes,Footwear,2,3434.56,6869.12,4028.74,2840.38,East,COD,Budget
O10290,2024-02-16,C1202,Laptop,Electronics,2,51865.23,103730.46,89990.43,13740.03,East,Debit Card,Budget
O10291,2024-10-11,C1048,Headphones,Electronics,4,2718.65,10874.6,7062.32,3812.28,South,Credit Card,Regular
O10292,2024-03-07,C1190,Laptop,Electronics,2,50178.36,100356.72,88720.13,11636.59,North,credit card,
O10293,2024-04-11,C1065,Desk,Furniture,1,13001.83,13001.83,7319.98,5681.85,East,Credit Card,
O10294,2024-08-09,C1254,Laptop,Electronics,5,59865.09,299325.44,191126.78,108198.66,West,UPI,
O10295,2024-08-16,C1314,Running Shoes,Footwear,3,3300.3,9900.9,5624.58,4276.32,South,COD,Premium
O10296,2024-02-01,C1070,Desk,Furniture,4,11997.34,959787.2,34449.78,13539.58,South,COD,
O10297,2024-09-02,C1176,Laptop,Electronics,3,60383.44,181150.32,133104.28,48046.04,East,Cash on Delivery,
O10298,2024-01-16,C1029,Desk,Furniture,2,11231.56,22463.12,15420.41,7042.71,West,credit card,Budget
O10299,2024-02-21,C1136,Running Shoes,Footwear,2,3686.79,7373.58,4399.68,2973.9,North,UPI,Regular
O10300,2024-03-31,C1377,Backpack,Accessories,2,1747.73,3495.46,1922.12,1573.34,North,COD,Budget
O10301,2024-04-06,C1277,Running Shoes,Footwear,5,3813.29,19066.46,10127.21,8939.25,West,Credit Card,
O10302,2024-09-26,C1314,Smartphone,Electronics,1,22780.84,22780.84,18365.99,4414.85,South,Debit Card,Budget
O10303,2024-01-31,C1396,Headphones,Electronics,3,3251.27,9753.81,5771.83,3981.98,East,Credit Card,Regular
O10304,2024-02-21,C1069,Running Shoes,Footwear,5,3643.18,18215.88,10324.28,7891.6,West,COD,Budget
O10305,2024-12-21,C1114,Watch,Accessories,5,6179.02,30895.08,16359.71,14535.37,South,Cash on Delivery,Budget
O10306,31/02/2024,C1394,Desk,Furniture,2,12561.59,25123.18,15342.46,9780.72,North,UPI,
O10307,2024-11-23,C1072,Running Shoes,Footwear,2,3794.73,7589.45,4374.03,3215.42,,UPI,
O10308,2024-12-28,C1228,Running Shoes,Footwear,1,3837.67,3837.67,1867.15,1970.52,South,UPI,Budget
O10309,2024-01-25,C1085,Smartphone,Electronics,1,24252.41,24252.41,19033.27,5219.14,West,Cash on Delivery,
O10310,2024-10-22,C1083,Running Shoes,Footwear,4,3532.22,14128.87,7362.29,6766.58,North,Debit Card,Regular
O10311,2024-06-24,C1082,Laptop,Electronics,1,53005.89,53005.89,45793.96,7211.93,North,Debit Card,
O10312,2024-11-06,C1027,Watch,Accessories,2,6245.41,12490.81,6903.85,5586.96,South,UPI,Regular
O10313,2024-05-15,C1121,Backpack,Accessories,5,1870.99,9354.95,4699.83,4655.12,West,credit card,Budget
O10314,2024-02-14,C1102,Watch,Accessories,4,5584.31,22337.23,13610.32,8726.91,South,UPI,
O10315,2024-06-06,C1250,Desk,Furniture,1,13144.94,13144.94,7957.71,5187.23,East,Credit Card,
O10316,2024-04-05,C1225,Backpack,Accessories,3,1686.56,5059.67,2908.17,2151.5,South,Debit Card,Budget
O10317,2024-02-13,C1387,Laptop,Electronics,1,51162.44,51162.44,43650.36,7512.08,North,Cash on Delivery,
O10318,2024-10-20,C1153,Backpack,Accessories,4,1967.63,7870.5,3734.69,4135.81,North,credit card,
O10319,2024-03-26,C1064,Headphones,Electronics,2,2772.17,5544.34,3785.18,1759.16,North,COD,Regular
O10320,2024-10-31,C1044,Backpack,Accessories,2,1692.69,3385.38,1916.12,1469.26,,credit card,Premium
O10321,2024-12-24,C1057,Running Shoes,Footwear,1,3749.64,3749.64,2007.88,1741.76,South,credit card,
O10322,2024-05-26,C1210,Smartphone,Electronics,1,27124.64,27124.64,18225.66,8898.98,West,credit card,Budget
O10323,2024-11-12,C1019,Watch,Accessories,2,5444.96,10889.92,6685.58,4204.34,East,COD,
O10324,2024-07-09,C1159,Office Chair,Furniture,3,7278.87,21836.6,14925.65,6910.95,West,COD,Budget
O10325,2025-01-15,C1137,Smartphone,Electronics,3,27362.48,82087.45,51061.94,31025.51,North,UPI,Budget
O10326,2025-01-23,C1028,Watch,Accessories,4,5653.67,22614.67,14907.11,7707.56,South,Credit Card,Budget
O10327,2024-10-18,C1102,Desk,Furniture,5,12502.97,62514.83,39227.08,23287.75,South,Credit Card,Regular
O10328,2024-05-20,C1258,Watch,Accessories,2,5460.67,10921.34,6804.53,4116.81,North,COD,
O10329,2024-03-31,C1300,Laptop,Electronics,4,52161.32,208645.28,167623.23,41022.05,East,UPI,
O10330,2024-01-15,C1292,Desk,Furniture,3,12597.51,37792.52,24906.48,12886.04,South,UPI,Regular
O10331,2024-09-19,C1242,Office Chair,Furniture,4,8284.31,33137.25,19076.33,14060.92,South,credit card,Premium
O10332,2024-12-30,C1216,Laptop,Electronics,3,51961.47,155884.41,128730.27,27154.14,East,Cash on Delivery,Budget
O10333,2024-11-15,C1003,Desk,Furniture,5,11323.7,56618.51,38417.16,18201.35,East,credit card,Premium
O10334,2024-06-21,C1141,Desk,Furniture,1,11516.34,11516.34,7372.97,4143.37,East,UPI,Budget
O10335,2024-11-03,C1348,Headphones,Electronics,1,3010.38,3010.38,1706.51,1303.87,North,COD,Budget
O10336,2024-07-26,C1298,Watch,Accessories,4,6596.96,26387.85,13326.39,13061.46,South,Debit Card,Premium
O10337,2024-12-09,C1087,Office Chair,Furniture,4,8298.11,33192.44,20553.25,12639.19,South,Debit Card,Budget
O10338,2025-01-25,C1335,Smartphone,Electronics,5,24853.9,124269.52,94336.54,29932.98,East,UPI,Budget
O10339,2024-05-13,C1060,Desk,Furniture,3,11809.13,35427.4,25856.85,9570.55,North,Cash on Delivery,
O10340,2024-09-28,C1077,Office Chair,Furniture,4,8000.76,32003.06,21469.99,10533.07,South,Debit Card,Premium
O10341,2024-03-14,C1398,Backpack,Accessories,4,1975.39,7901.56,3882.85,4018.71,East,COD,Regular
O10342,2024-05-20,C1295,Headphones,Electronics,4,2888.05,11552.19,6563.54,4988.65,West,Credit Card,Regular
O10343,2024-08-07,C1002,Headphones,Electronics,4,3068.69,12274.75,7392.22,4882.53,South,COD,
O10344,31/02/2024,C1320,Running Shoes,Footwear,5,3815.05,19075.24,10784.01,8291.23,South,COD,Premium
O10345,2024-10-28,C1023,Running Shoes,Footwear,5,3368.46,16842.32,9205.42,7636.9,East,Cash on Delivery,Premium
O10346,2024-06-24,C1183,Running Shoes,Footwear,2,3453.57,6907.13,4149.42,2757.71,,Cash on Delivery,
O10347,2024-04-18,C1063,Laptop,Electronics,2,52012.6,104025.2,87816.44,16208.76,North,Cash on Delivery,Regular
O10348,2024-01-25,C1024,Desk,Furniture,5,12651.0,63255.0,40985.08,22269.92,West,Cash on Delivery,Premium
O10349,2024-04-15,C1154,Backpack,Accessories,2,1664.49,3328.99,1710.99,1618.0,North,COD,Premium
O10350,2024-02-23,C1144,Desk,Furniture,4,12294.71,49178.86,33284.65,15894.21,North,Cash on Delivery,Premium
O10351,2024-04-13,C1151,Office Chair,Furniture,5,8174.4,40872.01,26389.79,14482.22,West,UPI,
O10352,2024-02-26,C1076,Watch,Accessories,1,5796.72,5796.72,3151.92,2644.8,North,COD,
O10353,2024-05-31,C1051,Smartphone,Electronics,4,27023.9,108095.59,74078.45,34017.14,North,Debit Card,Premium
O10354,2024-02-18,C1004,Running Shoes,Footwear,1,3711.12,74222.4,1925.08,1786.04,South,Debit Card,Premium
O10355,2025-01-10,C1093,Running Shoes,Footwear,3,3776.17,11328.51,6546.11,4782.4,West,Cash on Delivery,Budget
O10356,2024-08-03,C1057,Desk,Furniture,4,12805.7,51222.8,33215.38,18007.42,North,UPI,Regular
O10357,2024-12-13,C1398,Smartphone,Electronics,5,24580.14,122900.69,91633.51,31267.18,North,COD,
O10358,2024-08-13,C1335,Headphones,Electronics,4,2989.85,11959.39,7182.9,4776.49,South,COD,Budget
O10359,2024-02-18,C1246,Running Shoes,Footwear,5,3513.37,17566.85,10376.48,7190.37,West,UPI,Regular
O10360,2024-08-28,C1038,Laptop,Electronics,5,49628.09,248140.47,228243.6,19896.87,East,UPI,Regular
O10361,2024-10-08,C1120,Running Shoes,Footwear,2,3829.1,7658.2,3640.28,4017.92,West,credit card,
O10362,2024-03-01,C1052,Watch,Accessories,3,,16516.87,10496.76,6020.11,North,credit card,Premium
O10363,2024-11-22,C1335,Laptop,Electronics,5,58585.0,292924.98,222254.9,70670.08,East,Debit Card,Regular
O10364,2024-10-13,C1366,Laptop,Electronics,3,58482.48,175447.43,134676.8,40770.63,West,Credit Card,
O10365,2024-06-30,C1280,Smartphone,Electronics,3,26296.6,78889.8,50994.87,27894.93,North,Credit Card,Budget
O10366,2024-02-24,C1096,Headphones,Electronics,4,2995.45,11981.81,7663.45,4318.36,West,UPI,Regular
O10367,2024-02-25,C1324,Watch,Accessories,3,6389.46,19168.39,9850.22,9318.17,North,Cash on Delivery,Premium
O10368,31/02/2024,C1283,Watch,Accessories,2,6190.15,12380.3,7638.67,4741.63,West,credit card,Premium
O10369,2024-02-23,C1258,Headphones,Electronics,2,3115.09,6230.18,3365.03,2865.15,West,credit card,Budget
O10370,2024-08-19,C1211,Office Chair,Furniture,3,7637.75,22913.26,16390.78,6522.48,East,COD,Regular
O10371,2024-04-12,C1351,Running Shoes,Footwear,2,3648.31,7296.62,4348.41,2948.21,South,COD,Budget
O10372,2024-12-29,C1287,Headphones,Electronics,3,,9007.01,5609.86,3397.15,West,COD,Budget
O10373,2024-09-24,C1074,Desk,Furniture,1,12905.95,12905.95,7875.82,5030.13,North,UPI,
O10374,2024-12-15,C1353,Desk,Furniture,3,12600.44,37801.33,22372.49,15428.84,South,credit card,Premium
O10375,2024-12-11,C1380,Laptop,Electronics,5,,267227.53,208008.97,59218.56,West,UPI,Regular
O10376,2024-07-17,C1282,Desk,Furniture,4,12463.05,49852.19,29100.67,20751.52,East,UPI,Budget
O10377,2025-01-21,C1397,Watch,Accessories,3,6395.98,19187.94,11364.12,7823.82,South,Debit Card,Regular
O10378,2024-03-29,C1193,Watch,Accessories,2,,11225.82,7255.72,3970.1,East,credit card,Premium
O10379,2024-01-03,C1020,Desk,Furniture,3,11112.16,33336.48,24403.13,8933.35,East,credit card,Regular
O10380,2024-09-08,C1037,Laptop,Electronics,3,58010.27,174030.81,129159.24,44871.57,East,credit card,Budget
O10381,2024-03-22,C1047,Office Chair,Furniture,5,8731.18,43655.9,25103.03,18552.87,South,COD,
O10382,2024-09-28,C1058,Running Shoes,Footwear,5,3381.75,16908.73,9587.15,7321.58,West,UPI,Premium
O10383,2024-07-14,C1197,Office Chair,Furniture,3,8734.23,26202.7,15547.65,10655.05,East,Credit Card,Premium
O10384,2024-01-23,C1164,Running Shoes,Footwear,4,3510.02,14040.07,8013.98,6026.09,North,UPI,Regular
O10385,2024-12-16,C1105,Laptop,Electronics,2,56396.26,112792.53,79141.13,33651.4,West,COD,Premium
O10386,2025-01-02,C1037,Smartphone,Electronics,4,26234.45,104937.82,67014.07,37923.75,East,credit card,Premium
O10387,2024-07-27,C1221,Smartphone,Electronics,3,25374.81,76124.43,51058.57,25065.86,West,COD,
O10388,2024-02-02,C1358,Smartphone,Electronics,5,25174.17,125870.86,92545.61,33325.25,East,credit card,Premium
O10389,2024-02-14,C1195,Smartphone,Electronics,5,23949.18,119745.91,93345.82,26400.09,North,Cash on Delivery,
O10390,2024-10-06,C1152,Headphones,Electronics,4,3020.08,12080.32,6676.39,5403.93,East,Credit Card,Regular
O10391,2024-07-20,C1156,Headphones,Electronics,5,2773.94,13869.71,8109.05,5760.66,East,UPI,Premium
O10392,2024-03-23,C1099,Backpack,Accessories,2,1946.03,3892.05,1926.53,1965.52,North,credit card,Budget
O10393,2024-05-08,C1169,Watch,Accessories,1,6173.61,6173.61,3201.2,2972.41,South,Credit Card,
O10394,2024-09-05,C1355,Desk,Furniture,3,12286.84,36860.51,25920.57,10939.94,East,Debit Card,Budget
O10395,2024-12-30,C1141,Backpack,Accessories,2,,3361.42,1732.76,1628.66,,COD,
O10396,2025-01-31,C1089,Running Shoes,Footwear,3,3764.52,11293.56,5955.42,5338.14,North,Debit Card,Premium
O10397,2025-01-07,C1259,Headphones,Electronics,1,3234.78,3234.78,1690.72,1544.06,West,credit card,Premium
O10398,2024-10-03,C1187,Office Chair,Furniture,5,8650.09,43250.43,25257.97,17992.46,East,UPI,Regular
O10399,31/02/2024,C1314,Watch,Accessories,3,6001.35,18004.04,9640.16,8363.88,South,Cash on Delivery,Regular
O10400,2025-01-11,C1020,Headphones,Electronics,2,2807.49,5614.97,3923.07,1691.9,West,UPI,Budget
O10401,2024-09-22,C1198,Smartphone,Electronics,2,23821.79,47643.57,34084.93,13558.64,West,Credit Card,Budget
O10402,2024-11-20,C1296,Laptop,Electronics,5,60286.49,301432.44,202610.99,98821.45,South,Cash on Delivery,Budget
O10403,2024-09-21,C1264,Backpack,Accessories,1,1751.51,1751.51,927.6,823.91,East,Cash on Delivery,Regular
O10404,2024-08-13,C1263,Watch,Accessories,2,6464.61,12929.21,6309.24,6619.97,South,UPI,Premium
O10405,2024-12-04,C1368,Headphones,Electronics,1,2794.41,2794.41,1836.73,957.68,West,Cash on Delivery,Budget
O10406,2024-01-12,C1293,Office Chair,Furniture,4,8145.27,32581.06,20589.04,11992.02,South,COD,Regular
O10407,2024-05-12,C1306,Laptop,Electronics,2,,118597.55,78067.33,40530.22,North,COD,
O10408,2024-08-29,C1112,Desk,Furniture,5,13073.41,65367.05,37732.75,27634.3,South,credit card,Regular
O10409,2025-01-05,C1305,Headphones,Electronics,2,3073.93,6147.85,3607.78,2540.07,South,Cash on Delivery,
O10410,2024-09-15,C1310,Backpack,Accessories,5,1667.6,8337.98,4064.91,4273.07,West,credit card,Regular
O10411,2024-02-17,C1308,Laptop,Electronics,1,59155.28,59155.28,42264.01,16891.27,North,COD,Regular
O10412,2024-12-23,C1246,Backpack,Accessories,1,1807.94,1807.94,876.67,931.27,West,Debit Card,Regular
O10413,2024-02-12,C1131,Smartphone,Electronics,2,24627.45,49254.89,34232.53,15022.36,North,credit card,
O10414,2024-12-18,C1185,Smartphone,Electronics,2,25098.81,50197.62,35100.22,15097.4,West,COD,
O10415,2024-07-06,C1386,Desk,Furniture,5,11427.13,57135.63,40288.84,16846.79,West,UPI,
O10416,2024-10-22,C1376,Running Shoes,Footwear,3,3541.37,10624.1,5980.51,4643.59,North,COD,
O10417,2024-02-21,C1173,Office Chair,Furniture,2,7914.55,15829.1,10398.62,5430.48,North,UPI,
O10418,2024-03-15,C1045,Backpack,Accessories,1,1967.25,1967.25,810.95,1156.3,South,Debit Card,
O10419,2024-11-10,C1364,Smartphone,Electronics,4,25545.14,102180.58,75232.72,26947.86,North,UPI,Budget
O10420,2024-05-26,C1314,Watch,Accessories,5,5926.77,29633.83,16455.98,13177.85,North,Debit Card,Regular
O10421,2024-05-21,C1342,Office Chair,Furniture,1,8248.03,8248.03,5475.65,2772.38,South,credit card,Budget
O10422,2024-10-08,C1177,Laptop,Electronics,1,57606.18,57606.18,38376.38,19229.8,East,UPI,Budget
O10423,2024-05-13,C1286,Office Chair,Furniture,1,7927.61,7927.61,4903.96,3023.65,East,Debit Card,Premium
O10424,2024-10-21,C1193,Smartphone,Electronics,5,26514.71,132573.56,98220.77,34352.79,South,Debit Card,
O10425,2024-09-03,C1195,Watch,Accessories,1,6217.91,6217.91,3777.57,2440.34,South,COD,Premium
O10426,2024-09-21,C1127,Office Chair,Furniture,3,8480.26,25440.77,14737.28,10703.49,West,COD,Budget
O10427,2024-06-09,C1093,Running Shoes,Footwear,4,3203.22,12812.88,8690.23,4122.65,South,Cash on Delivery,Budget
O10428,2024-04-15,C1316,Office Chair,Furniture,3,7575.78,22727.33,14226.17,8501.16,North,Credit Card,Regular
O10429,2024-01-04,C1246,Smartphone,Electronics,5,25879.06,129395.3,92941.63,36453.67,East,Cash on Delivery,Premium
O10430,2024-05-23,C1027,Desk,Furniture,5,11977.93,59889.66,43875.16,16014.5,West,Cash on Delivery,Regular
O10431,2024-08-22,C1161,Laptop,Electronics,2,55027.23,110054.45,82214.44,27840.01,,COD,
O10432,2024-11-09,C1280,Office Chair,Furniture,3,7807.08,23421.25,13802.24,9619.01,East,Cash on Delivery,Regular
O10433,2024-08-02,C1186,Running Shoes,Footwear,2,3406.15,6812.29,3999.02,2813.27,East,Cash on Delivery,Budget
O10434,2024-02-21,C1284,Headphones,Electronics,2,3042.85,6085.69,3945.08,2140.61,West,UPI,Regular
O10435,2024-01-05,C1068,Headphones,Electronics,4,3180.02,12720.09,7543.5,5176.59,East,Cash on Delivery,
O10436,2024-07-22,C1030,Desk,Furniture,1,11402.34,11402.34,8573.6,2828.74,East,Cash on Delivery,Regular
O10437,2024-07-03,C1176,Smartphone,Electronics,3,24749.27,74247.82,52214.29,22033.53,North,Debit Card,Budget
O10438,2024-03-30,C1181,Office Chair,Furniture,5,8122.97,40614.83,25749.33,14865.5,West,COD,Budget
O10439,2024-08-25,C1085,Watch,Accessories,3,6467.56,19402.68,10250.25,9152.43,East,Cash on Delivery,Regular
O10440,2024-06-24,C1334,Backpack,Accessories,2,1925.6,3851.21,1645.68,2205.53,East,credit card,Budget
O10441,2025-01-17,C1211,Backpack,Accessories,3,1717.65,5152.95,2670.25,2482.7,North,UPI,
O10442,2024-04-17,C1048,Office Chair,Furniture,1,8259.24,8259.24,5440.44,2818.8,West,credit card,Premium
O10443,2024-02-23,C1043,Laptop,Electronics,1,49790.01,49790.01,41134.91,8655.1,West,Debit Card,Regular
O10444,2024-03-08,C1014,Office Chair,Furniture,2,7595.83,15191.67,9568.35,5623.32,East,Debit Card,Regular
O10445,2024-10-07,C1302,Watch,Accessories,3,5960.63,17881.9,11278.89,6603.01,West,credit card,Regular
O10446,2024-02-15,C1211,Desk,Furniture,2,12981.42,25962.83,15941.29,10021.54,East,Credit Card,Budget
O10447,2024-06-25,C1352,Laptop,Electronics,2,55256.48,110512.96,88339.33,22173.63,West,Debit Card,Premium
O10448,2024-04-28,C1096,Laptop,Electronics,5,57924.56,289622.81,222514.52,67108.29,West,Cash on Delivery,Budget
O10449,2024-07-12,C1216,Office Chair,Furniture,4,7461.23,29844.92,20948.47,8896.45,East,Debit Card,Premium
O10450,2024-03-10,C1316,Desk,Furniture,2,11790.97,23581.94,17131.14,6450.8,,UPI,
O10451,2024-01-12,C1144,Running Shoes,Footwear,5,,15817.88,9099.26,6718.62,West,COD,Premium
O10452,2024-04-21,C1255,Laptop,Electronics,4,52060.92,208243.66,156262.97,51980.69,West,COD,Budget
O10453,2024-01-29,C1036,Laptop,Electronics,2,53132.74,106265.47,89771.58,16493.89,South,UPI,
O10454,2025-01-28,C1394,Desk,Furniture,1,12761.4,12761.4,8525.2,4236.2,South,COD,
O10455,2024-09-23,C1242,Laptop,Electronics,1,51690.98,51690.98,43976.71,7714.27,East,Debit Card,Regular
O10456,2024-09-23,C1326,Headphones,Electronics,5,3077.5,15387.49,8175.93,7211.56,East,Credit Card,
O10457,31/02/2024,C1299,Office Chair,Furniture,4,8757.24,35028.95,18943.86,16085.09,South,Credit Card,Budget
O10458,2024-03-20,C1127,Laptop,Electronics,5,55891.85,279459.24,218011.56,61447.68,North,COD,Premium
O10459,2024-01-31,C1359,Running Shoes,Footwear,1,3801.59,3801.59,2198.79,1602.8,North,UPI,Regular
O10460,2024-08-12,C1352,Watch,Accessories,3,5679.21,17037.63,11511.52,5526.11,South,Debit Card,Premium
O10461,2024-10-04,C1290,Laptop,Electronics,3,54838.32,164514.97,124425.0,40089.97,East,Debit Card,Regular
O10462,2024-03-23,C1230,Watch,Accessories,5,5730.39,28651.95,18659.72,9992.23,East,credit card,Regular
O10463,2024-07-13,C1317,Running Shoes,Footwear,5,3467.86,17339.28,10551.84,6787.44,South,Debit Card,Premium
O10464,2024-04-07,C1392,Smartphone,Electronics,4,25791.45,103165.79,72560.97,30604.82,East,Debit Card,
O10465,2024-12-03,C1091,Backpack,Accessories,5,1850.73,9253.63,4149.42,5104.21,South,Credit Card,Regular
O10466,2024-12-02,C1025,Watch,Accessories,4,5629.94,22519.76,12689.09,9830.67,North,Credit Card,Budget
O10467,2024-08-27,C1184,Office Chair,Furniture,1,8249.2,8249.2,5428.4,2820.8,West,Debit Card,Premium
O10468,2025-01-10,C1039,Laptop,Electronics,1,58560.07,58560.07,40032.85,18527.22,North,Credit Card,Budget
O10469,2024-12-02,C1285,Office Chair,Furniture,5,8050.66,40253.29,23447.3,16805.99,West,COD,Regular
O10470,2024-12-25,C1085,Smartphone,Electronics,4,26331.42,105325.67,73102.52,32223.15,West,credit card,Premium
O10471,2024-08-14,C1281,Running Shoes,Footwear,5,3610.27,18051.36,10067.8,7983.56,East,Debit Card,Budget
O10472,2024-11-07,C1192,Backpack,Accessories,3,1895.11,5685.32,2662.52,3022.8,East,Debit Card,Regular
O10473,2024-05-25,C1154,Watch,Accessories,-1,5937.0,5937.0,3427.96,2509.04,,UPI,Regular
O10474,2024-10-10,C1048,Running Shoes,Footwear,3,3165.19,9495.57,6386.33,3109.24,East,UPI,Regular
O10475,2024-04-29,C1047,Headphones,Electronics,2,2858.99,5717.99,3880.53,1837.46,South,COD,Budget
O10476,2024-09-06,C1304,Smartphone,Electronics,2,26117.9,52235.81,38108.91,14126.9,North,COD,Premium
O10477,2024-06-27,C1213,Backpack,Accessories,3,1648.25,4944.76,2460.2,2484.56,North,UPI,
O10478,2024-06-05,C1276,Laptop,Electronics,1,56472.76,56472.76,43110.43,13362.33,East,credit card,Budget
O10479,2024-08-16,C1113,Office Chair,Furniture,4,7445.12,29780.46,20694.54,9085.92,West,UPI,Premium
O10480,2024-10-07,C1204,Headphones,Electronics,1,2901.7,2901.7,1791.31,1110.39,South,UPI,Premium
O10481,2024-04-10,C1124,Watch,Accessories,5,6071.16,30355.78,17457.51,12898.27,West,Debit Card,Regular
O10482,2024-06-27,C1304,Smartphone,Electronics,3,23062.65,69187.95,53066.69,16121.26,East,UPI,Budget
O10483,2024-11-15,C1119,Running Shoes,Footwear,4,3581.35,14325.42,8784.25,5541.17,East,UPI,Premium
O10484,2024-03-16,C1007,Smartphone,Electronics,5,23061.86,115309.29,81981.68,33327.61,North,Debit Card,Budget
O10485,2024-04-18,C1280,Watch,Accessories,5,5965.43,29827.14,16911.57,12915.57,South,COD,Budget
O10486,2024-01-23,C1145,Laptop,Electronics,5,53642.67,268213.37,227053.69,41159.68,East,Credit Card,Premium
O10487,2024-12-04,C1055,Watch,Accessories,4,6185.71,24742.84,12623.34,12119.5,West,UPI,Budget
O10488,2024-09-05,C1095,Backpack,Accessories,3,1803.07,5409.22,2813.23,2595.99,West,credit card,Premium
O10489,2024-06-19,C1009,Laptop,Electronics,3,49937.28,149811.83,136641.21,13170.62,East,Debit Card,Regular
O10490,2024-05-21,C1198,Desk,Furniture,5,11366.89,56834.46,43825.95,13008.51,North,credit card,Budget
O10491,2024-12-02,C1266,Desk,Furniture,4,11341.4,45365.59,30987.43,14378.16,South,Cash on Delivery,
O10492,2024-11-05,C1105,Office Chair,Furniture,3,8116.64,24349.91,14779.39,9570.52,South,UPI,Regular
O10493,2024-08-08,C1335,Desk,Furniture,2,12452.48,24904.95,17275.66,7629.29,South,Debit Card,Regular
O10494,2024-04-04,C1372,Smartphone,Electronics,1,25286.7,25286.7,19614.97,5671.73,East,Cash on Delivery,Regular
O10495,2024-03-18,C1067,Backpack,Accessories,3,1729.21,5187.62,2832.63,2354.99,,credit card,Premium
O10496,2024-07-02,C1068,Office Chair,Furniture,1,8154.18,8154.18,4730.91,3423.27,West,COD,
O10497,2024-03-11,C1016,Running Shoes,Footwear,4,3278.78,13115.13,7819.94,5295.19,North,Debit Card,Regular
O10498,2025-01-22,C1224,Backpack,Accessories,2,1700.12,3400.24,1861.68,1538.56,West,COD,Regular
O10499,2024-07-26,C1368,Running Shoes,Footwear,4,3756.74,15026.97,8620.14,6406.83,,credit card,
O10500,2024-05-05,C1376,Smartphone,Electronics,1,24758.05,24758.05,19177.24,5580.81,West,credit card,
O10116,2024-06-28,C1058,Office Chair,Furniture,1,7447.57,7447.57,4982.19,2465.38,South,Cash on Delivery,Budget
O10268,2024-10-28,C1219,Smartphone,Electronics,1,26982.96,26982.96,16704.05,10278.91,South,UPI,Budget
O10028,2024-12-26,C1341,Office Chair,Furniture,5,7791.24,38956.22,23288.73,15667.49,East,COD,Premium
O10422,2024-10-08,C1177,Laptop,Electronics,1,57606.18,57606.18,38376.38,19229.8,East,UPI,Budget
O10472,2024-11-07,C1192,Backpack,Accessories,3,1895.11,5685.32,2662.52,3022.8,East,Debit Card,Regular
O10258,2024-07-11,C1206,Headphones,Electronics,4,3046.46,12185.82,6866.95,5318.87,East,COD,Premium
O10470,2024-12-25,C1085,Smartphone,Electronics,4,26331.42,105325.67,73102.52,32223.15,West,credit card,Premium
O10460,2024-08-12,C1352,Watch,Accessories,3,5679.21,17037.63,11511.52,5526.11,South,Debit Card,Premium
O10456,2024-09-23,C1326,Headphones,Electronics,5,3077.5,15387.49,8175.93,7211.56,East,Credit Card,
O10436,2024-07-22,C1030,Desk,Furniture,1,11402.34,11402.34,8573.6,2828.74,East,Cash on Delivery,Regular
